[{"pk": "5a1a812ac01cde6270b9a77a7d7fed33", "model": "sessions.session", "fields": {"expire_date": "2011-04-30 17:42:51", "session_data": "YWZlNjY4YTc2ZmY1NzRjMjRjYmJhODQ2YWU3NWE1YWMwN2FmYWJlZTqAAn1xAShVEl9hdXRoX3Vz\nZXJfYmFja2VuZHECVSlkamFuZ28uY29udHJpYi5hdXRoLmJhY2tlbmRzLk1vZGVsQmFja2VuZHED\nVQ1fYXV0aF91c2VyX2lkcQRLAXUu\n"}}, {"pk": 1, "model": "sites.site", "fields": {"domain": "example.com", "name": "example.com"}}, {"pk": 56, "model": "admin.logentry", "fields": {"action_flag": 2, "action_time": "2011-04-16 20:32:04", "object_repr": "Shelley Mitchell's TALKING WITH ANGELS", "object_id": "1", "change_message": "No fields changed.", "user": 1, "content_type": 16}}, {"pk": 55, "model": "admin.logentry", "fields": {"action_flag": 1, "action_time": "2011-04-16 20:30:56", "object_repr": "Shelley Mitchell's TALKING WITH ANGELS", "object_id": "1", "change_message": "", "user": 1, "content_type": 16}}, {"pk": 54, "model": "admin.logentry", "fields": {"action_flag": 1, "action_time": "2011-04-16 19:56:31", "object_repr": "Women's Initiative for Self Employment", "object_id": "6", "change_message": "", "user": 1, "content_type": 14}}, {"pk": 53, "model": "admin.logentry", "fields": {"action_flag": 1, "action_time": "2011-04-16 19:56:28", "object_repr": "Women's equality", "object_id": "5", "change_message": "", "user": 1, "content_type": 14}}, {"pk": 52, "model": "admin.logentry", "fields": {"action_flag": 1, "action_time": "2011-04-16 19:56:26", "object_repr": "Homelessness", "object_id": "4", "change_message": "", "user": 1, "content_type": 14}}, {"pk": 51, "model": "admin.logentry", "fields": {"action_flag": 1, "action_time": "2011-04-16 19:56:23", "object_repr": "Gay rights", "object_id": "3", "change_message": "", "user": 1, "content_type": 14}}, {"pk": 50, "model": "admin.logentry", "fields": {"action_flag": 1, "action_time": "2011-04-16 19:56:20", "object_repr": "Education", "object_id": "2", "change_message": "", "user": 1, "content_type": 14}}, {"pk": 49, "model": "admin.logentry", "fields": {"action_flag": 1, "action_time": "2011-04-16 19:56:17", "object_repr": "Animal rights", "object_id": "1", "change_message": "", "user": 1, "content_type": 14}}, {"pk": 48, "model": "admin.logentry", "fields": {"action_flag": 1, "action_time": "2011-04-16 19:54:37", "object_repr": "Women's Initiative for Self Employment", "object_id": "1", "change_message": "", "user": 1, "content_type": 13}}, {"pk": 47, "model": "admin.logentry", "fields": {"action_flag": 1, "action_time": "2011-04-16 19:52:50", "object_repr": "Education", "object_id": "5", "change_message": "", "user": 1, "content_type": 12}}, {"pk": 46, "model": "admin.logentry", "fields": {"action_flag": 1, "action_time": "2011-04-16 19:52:45", "object_repr": "Women's equality", "object_id": "4", "change_message": "", "user": 1, "content_type": 12}}, {"pk": 45, "model": "admin.logentry", "fields": {"action_flag": 1, "action_time": "2011-04-16 19:52:31", "object_repr": "Gay rights", "object_id": "3", "change_message": "", "user": 1, "content_type": 12}}, {"pk": 44, "model": "admin.logentry", "fields": {"action_flag": 1, "action_time": "2011-04-16 19:52:26", "object_repr": "Animal rights", "object_id": "2", "change_message": "", "user": 1, "content_type": 12}}, {"pk": 43, "model": "admin.logentry", "fields": {"action_flag": 2, "action_time": "2011-04-16 19:52:10", "object_repr": "Homelessness", "object_id": "1", "change_message": "Changed name, htmlLong and pictures.", "user": 1, "content_type": 12}}, {"pk": 42, "model": "admin.logentry", "fields": {"action_flag": 1, "action_time": "2011-04-16 19:50:30", "object_repr": "Women's Initiative for Self Employment", "object_id": "1", "change_message": "", "user": 1, "content_type": 12}}, {"pk": 41, "model": "admin.logentry", "fields": {"action_flag": 1, "action_time": "2011-04-16 18:40:44", "object_repr": "3 : 2011-04-16 18:40:44.918000", "object_id": "3", "change_message": "", "user": 1, "content_type": 11}}, {"pk": 40, "model": "admin.logentry", "fields": {"action_flag": 1, "action_time": "2011-04-16 18:39:18", "object_repr": "2 : 2011-04-16 18:39:18.761000", "object_id": "2", "change_message": "", "user": 1, "content_type": 11}}, {"pk": 39, "model": "admin.logentry", "fields": {"action_flag": 1, "action_time": "2011-04-16 18:39:01", "object_repr": "1 : 2011-04-16 18:39:01.715000", "object_id": "1", "change_message": "", "user": 1, "content_type": 11}}, {"pk": 38, "model": "admin.logentry", "fields": {"action_flag": 1, "action_time": "2011-04-16 18:29:36", "object_repr": "Seattle, Wallingford", "object_id": "6", "change_message": "", "user": 1, "content_type": 10}}, {"pk": 37, "model": "admin.logentry", "fields": {"action_flag": 1, "action_time": "2011-04-16 18:29:25", "object_repr": "Seattle, Capital Hill", "object_id": "5", "change_message": "", "user": 1, "content_type": 10}}, {"pk": 36, "model": "admin.logentry", "fields": {"action_flag": 1, "action_time": "2011-04-16 18:28:18", "object_repr": "San Francisco, Upper Haight", "object_id": "4", "change_message": "", "user": 1, "content_type": 10}}, {"pk": 35, "model": "admin.logentry", "fields": {"action_flag": 1, "action_time": "2011-04-16 18:28:10", "object_repr": "San Francisco, Lower Haight", "object_id": "3", "change_message": "", "user": 1, "content_type": 10}}, {"pk": 34, "model": "admin.logentry", "fields": {"action_flag": 1, "action_time": "2011-04-16 18:27:59", "object_repr": "San Francisco, Castro", "object_id": "2", "change_message": "", "user": 1, "content_type": 10}}, {"pk": 33, "model": "admin.logentry", "fields": {"action_flag": 2, "action_time": "2011-04-16 18:24:12", "object_repr": "Bryan Cattle", "object_id": "1", "change_message": "Changed defaultCity.", "user": 1, "content_type": 8}}, {"pk": 32, "model": "admin.logentry", "fields": {"action_flag": 1, "action_time": "2011-04-16 18:23:07", "object_repr": "Philadelphia", "object_id": "10", "change_message": "", "user": 1, "content_type": 9}}, {"pk": 31, "model": "admin.logentry", "fields": {"action_flag": 1, "action_time": "2011-04-16 18:22:33", "object_repr": "Los Angeles", "object_id": "9", "change_message": "", "user": 1, "content_type": 9}}, {"pk": 30, "model": "admin.logentry", "fields": {"action_flag": 1, "action_time": "2011-04-16 18:22:25", "object_repr": "New Orleans", "object_id": "8", "change_message": "", "user": 1, "content_type": 9}}, {"pk": 29, "model": "admin.logentry", "fields": {"action_flag": 1, "action_time": "2011-04-16 18:22:14", "object_repr": "Boston", "object_id": "7", "change_message": "", "user": 1, "content_type": 9}}, {"pk": 28, "model": "admin.logentry", "fields": {"action_flag": 1, "action_time": "2011-04-16 18:22:05", "object_repr": "Charlotte", "object_id": "6", "change_message": "", "user": 1, "content_type": 9}}, {"pk": 27, "model": "admin.logentry", "fields": {"action_flag": 1, "action_time": "2011-04-16 18:21:38", "object_repr": "New York", "object_id": "5", "change_message": "", "user": 1, "content_type": 9}}, {"pk": 26, "model": "admin.logentry", "fields": {"action_flag": 1, "action_time": "2011-04-16 18:21:31", "object_repr": "Portland", "object_id": "4", "change_message": "", "user": 1, "content_type": 9}}, {"pk": 25, "model": "admin.logentry", "fields": {"action_flag": 1, "action_time": "2011-04-16 18:21:24", "object_repr": "Austin", "object_id": "3", "change_message": "", "user": 1, "content_type": 9}}, {"pk": 24, "model": "admin.logentry", "fields": {"action_flag": 1, "action_time": "2011-04-16 18:21:18", "object_repr": "Seattle", "object_id": "2", "change_message": "", "user": 1, "content_type": 9}}, {"pk": 23, "model": "admin.logentry", "fields": {"action_flag": 1, "action_time": "2011-04-16 18:21:02", "object_repr": "Brent Perez", "object_id": "3", "change_message": "", "user": 1, "content_type": 8}}, {"pk": 22, "model": "admin.logentry", "fields": {"action_flag": 1, "action_time": "2011-04-16 18:20:50", "object_repr": "Ethan Montoya", "object_id": "2", "change_message": "", "user": 1, "content_type": 8}}, {"pk": 21, "model": "admin.logentry", "fields": {"action_flag": 2, "action_time": "2011-04-16 18:20:26", "object_repr": "user3", "object_id": "6", "change_message": "Changed first_name, last_name and email.", "user": 1, "content_type": 3}}, {"pk": 20, "model": "admin.logentry", "fields": {"action_flag": 2, "action_time": "2011-04-16 18:20:10", "object_repr": "user2", "object_id": "5", "change_message": "Changed first_name, last_name and email.", "user": 1, "content_type": 3}}, {"pk": 19, "model": "admin.logentry", "fields": {"action_flag": 2, "action_time": "2011-04-16 18:19:56", "object_repr": "user1", "object_id": "4", "change_message": "Changed first_name, last_name and email.", "user": 1, "content_type": 3}}, {"pk": 18, "model": "admin.logentry", "fields": {"action_flag": 2, "action_time": "2011-04-16 18:19:40", "object_repr": "brent", "object_id": "3", "change_message": "Changed first_name, last_name, email, is_staff and is_superuser.", "user": 1, "content_type": 3}}, {"pk": 17, "model": "admin.logentry", "fields": {"action_flag": 2, "action_time": "2011-04-16 18:19:24", "object_repr": "ethan", "object_id": "2", "change_message": "Changed first_name, last_name, email, is_staff and is_superuser.", "user": 1, "content_type": 3}}, {"pk": 16, "model": "admin.logentry", "fields": {"action_flag": 3, "action_time": "2011-04-16 18:18:26", "object_repr": " ", "object_id": "2", "change_message": "", "user": 1, "content_type": 8}}, {"pk": 15, "model": "admin.logentry", "fields": {"action_flag": 1, "action_time": "2011-04-16 18:18:02", "object_repr": " ", "object_id": "2", "change_message": "", "user": 1, "content_type": 8}}, {"pk": 14, "model": "admin.logentry", "fields": {"action_flag": 1, "action_time": "2011-04-16 18:17:49", "object_repr": "user3", "object_id": "6", "change_message": "", "user": 1, "content_type": 3}}, {"pk": 13, "model": "admin.logentry", "fields": {"action_flag": 1, "action_time": "2011-04-16 18:17:36", "object_repr": "user2", "object_id": "5", "change_message": "", "user": 1, "content_type": 3}}, {"pk": 12, "model": "admin.logentry", "fields": {"action_flag": 1, "action_time": "2011-04-16 18:17:26", "object_repr": "user1", "object_id": "4", "change_message": "", "user": 1, "content_type": 3}}, {"pk": 11, "model": "admin.logentry", "fields": {"action_flag": 1, "action_time": "2011-04-16 18:17:07", "object_repr": "brent", "object_id": "3", "change_message": "", "user": 1, "content_type": 3}}, {"pk": 10, "model": "admin.logentry", "fields": {"action_flag": 1, "action_time": "2011-04-16 18:17:00", "object_repr": "ethan", "object_id": "2", "change_message": "", "user": 1, "content_type": 3}}, {"pk": 9, "model": "admin.logentry", "fields": {"action_flag": 1, "action_time": "2011-04-16 18:16:07", "object_repr": "Bryan Cattle", "object_id": "1", "change_message": "", "user": 1, "content_type": 8}}, {"pk": 8, "model": "admin.logentry", "fields": {"action_flag": 1, "action_time": "2011-04-16 18:11:15", "object_repr": "San Francisco, The Mission", "object_id": "1", "change_message": "", "user": 1, "content_type": 10}}, {"pk": 7, "model": "admin.logentry", "fields": {"action_flag": 1, "action_time": "2011-04-16 18:11:08", "object_repr": "San Francisco", "object_id": "1", "change_message": "", "user": 1, "content_type": 9}}, {"pk": 6, "model": "admin.logentry", "fields": {"action_flag": 1, "action_time": "2011-04-16 17:57:40", "object_repr": "Writers", "object_id": "3", "change_message": "", "user": 1, "content_type": 2}}, {"pk": 5, "model": "admin.logentry", "fields": {"action_flag": 1, "action_time": "2011-04-16 17:57:35", "object_repr": "Editors", "object_id": "2", "change_message": "", "user": 1, "content_type": 2}}, {"pk": 4, "model": "admin.logentry", "fields": {"action_flag": 2, "action_time": "2011-04-16 17:57:31", "object_repr": "Admins", "object_id": "1", "change_message": "No fields changed.", "user": 1, "content_type": 2}}, {"pk": 3, "model": "admin.logentry", "fields": {"action_flag": 2, "action_time": "2011-04-16 17:57:29", "object_repr": "Admins", "object_id": "1", "change_message": "Changed name.", "user": 1, "content_type": 2}}, {"pk": 2, "model": "admin.logentry", "fields": {"action_flag": 1, "action_time": "2011-04-16 17:57:18", "object_repr": "Admin", "object_id": "1", "change_message": "", "user": 1, "content_type": 2}}, {"pk": 1, "model": "admin.logentry", "fields": {"action_flag": 2, "action_time": "2011-04-16 17:56:52", "object_repr": "bryan", "object_id": "1", "change_message": "Changed first_name and last_name.", "user": 1, "content_type": 3}}, {"pk": 1, "model": "accounts.userprofile", "fields": {"middle_name": "Christopher", "defaultCity": 1, "url": "http://www.quora.com/Bryan-Cattle", "twitter": "bcattle", "pic": "profilepics/SPUDS.jpg", "defaultNeighborhood": 1, "user": 1, "preferredString": "Bryan"}}, {"pk": 2, "model": "accounts.userprofile", "fields": {"middle_name": "", "defaultCity": 1, "url": "", "twitter": "", "pic": "", "defaultNeighborhood": 1, "user": 2, "preferredString": "Ethan"}}, {"pk": 3, "model": "accounts.userprofile", "fields": {"middle_name": "", "defaultCity": 1, "url": "", "twitter": "", "pic": "", "defaultNeighborhood": 1, "user": 3, "preferredString": "Brent"}}, {"pk": 3, "model": "deal_site.city", "fields": {"abbreviation": "AUS", "enabled": false, "name": "Austin", "urlString": null}}, {"pk": 7, "model": "deal_site.city", "fields": {"abbreviation": "BOS", "enabled": false, "name": "Boston", "urlString": null}}, {"pk": 6, "model": "deal_site.city", "fields": {"abbreviation": "CLT", "enabled": false, "name": "Charlotte", "urlString": null}}, {"pk": 9, "model": "deal_site.city", "fields": {"abbreviation": "LA", "enabled": false, "name": "Los Angeles", "urlString": null}}, {"pk": 8, "model": "deal_site.city", "fields": {"abbreviation": "NO", "enabled": false, "name": "New Orleans", "urlString": null}}, {"pk": 5, "model": "deal_site.city", "fields": {"abbreviation": "NY", "enabled": true, "name": "New York", "urlString": null}}, {"pk": 10, "model": "deal_site.city", "fields": {"abbreviation": "PHI", "enabled": false, "name": "Philadelphia", "urlString": null}}, {"pk": 4, "model": "deal_site.city", "fields": {"abbreviation": "PDX", "enabled": false, "name": "Portland", "urlString": null}}, {"pk": 1, "model": "deal_site.city", "fields": {"abbreviation": "SF", "enabled": true, "name": "San Francisco", "urlString": null}}, {"pk": 2, "model": "deal_site.city", "fields": {"abbreviation": "SEA", "enabled": false, "name": "Seattle", "urlString": null}}, {"pk": 1, "model": "deal_site.neighborhood", "fields": {"city": 1, "enabled": true, "name": "The Mission", "urlString": null}}, {"pk": 2, "model": "deal_site.neighborhood", "fields": {"city": 1, "enabled": false, "name": "Castro", "urlString": null}}, {"pk": 3, "model": "deal_site.neighborhood", "fields": {"city": 1, "enabled": false, "name": "Lower Haight", "urlString": null}}, {"pk": 4, "model": "deal_site.neighborhood", "fields": {"city": 1, "enabled": false, "name": "Upper Haight", "urlString": null}}, {"pk": 5, "model": "deal_site.neighborhood", "fields": {"city": 2, "enabled": false, "name": "Capital Hill", "urlString": null}}, {"pk": 6, "model": "deal_site.neighborhood", "fields": {"city": 2, "enabled": false, "name": "Wallingford", "urlString": null}}, {"pk": 1, "model": "deal_site.picture", "fields": {"related": [2], "pic": "uploadpics/WI_Logo_1.png", "description": "", "createdBy": 1, "created": "2011-04-16 18:39:01"}}, {"pk": 2, "model": "deal_site.picture", "fields": {"related": [1], "pic": "uploadpics/WI_Logo151_720x486.jpg", "description": "", "createdBy": 1, "created": "2011-04-16 18:39:18"}}, {"pk": 3, "model": "deal_site.picture", "fields": {"related": [], "pic": "uploadpics/3210.jpg", "description": "", "createdBy": 1, "created": "2011-04-16 18:40:44"}}, {"pk": 2, "model": "deal_site.cause", "fields": {"htmlLong": "", "icons": [], "name": "Animal rights", "htmlShort": "", "pictures": []}}, {"pk": 5, "model": "deal_site.cause", "fields": {"htmlLong": "", "icons": [], "name": "Education", "htmlShort": "", "pictures": []}}, {"pk": 3, "model": "deal_site.cause", "fields": {"htmlLong": "", "icons": [], "name": "Gay rights", "htmlShort": "", "pictures": []}}, {"pk": 1, "model": "deal_site.cause", "fields": {"htmlLong": "", "icons": [], "name": "Homelessness", "htmlShort": "", "pictures": []}}, {"pk": 4, "model": "deal_site.cause", "fields": {"htmlLong": "", "icons": [], "name": "Women's equality", "htmlShort": "", "pictures": []}}, {"pk": 1, "model": "deal_site.nonprofit", "fields": {"comment": "", "neighborhood": [1], "name": "Women's Initiative for Self Employment", "contacts": [], "pictures": [1, 2], "htmlShort": "", "htmlLong": "<p>The <strong>Women's Initiative for Self Employment</strong>, located at 1398 Valencia in the Mission is a Bay Area non-profit which provides high-potential, lower-income women the training, resources and on-going support to start and grow businesses. The business management training, technical assistance, and financial services we provide - in English and Spanish - improve the quality of life for the women we serve, their families and our communities.</p>\r\n\r\n<p><iframe title=\"YouTube video player\" width=\"228\" height=\"179\" src=\"http://www.youtube.com/embed/9gRdJEhpi5g\" frameborder=\"0\" allowfullscreen></iframe></p> ", "causes": [4]}}, {"pk": 1, "model": "deal_site.beneficiary", "fields": {"nonprofit": null, "cause": 2}}, {"pk": 2, "model": "deal_site.beneficiary", "fields": {"nonprofit": null, "cause": 5}}, {"pk": 3, "model": "deal_site.beneficiary", "fields": {"nonprofit": null, "cause": 3}}, {"pk": 4, "model": "deal_site.beneficiary", "fields": {"nonprofit": null, "cause": 1}}, {"pk": 5, "model": "deal_site.beneficiary", "fields": {"nonprofit": null, "cause": 4}}, {"pk": 6, "model": "deal_site.beneficiary", "fields": {"nonprofit": 1, "cause": null}}, {"pk": 1, "model": "deal_site.vendor", "fields": {"comment": "", "neighborhood": 1, "name": "Shelley Mitchell's TALKING WITH ANGELS", "contacts": [], "url": "http://www.talkingwithangels.com/html/story.html", "pictures": [3], "htmlLong": "<p>Shelley Mitchell's TALKING WITH ANGELS, one of San Francisco's most critically acclaimed theatrical events, is an epic true story about four young artists' search for guidance and survival during the Nazi occupation of Hungary in 1944.</p>\r\n\r\n<p>The diaries of these artists' give an account of their dialogue with invisible forces that appeared to them at the time as angels. In 1960 these diaries were smuggled into France by the only survivor of the group, Gitta Mallasz. It was first published in France in 1976 where it became an immediate best seller. It has sold over 800,000 copies in French and been translated into 14 languages.</p>\r\n\r\n<p>Shelley has performed TALKING WITH ANGELS throughout the United States and in Europe at the Dublin Theatre Festival and the Dutch Theater Festival. In 2000 TALKING WITH ANGELS tapped into San Francisco's heart and won Best of the Fringe Theater festival. </p>\r\n\r\n<p>Read more reviews at <a href=\"http://www.talkingwithangels.com/html/press.html\">http://www.talkingwithangels.com/html/press.html</a></p>\r\n<p><a href=\"http://www.shelleymitchell.org/\">http://www.shelleymitchell.org</a></p>", "htmlShort": ""}}, {"pk": 25, "model": "auth.permission", "fields": {"codename": "add_city", "name": "Can add city", "content_type": 9}}, {"pk": 26, "model": "auth.permission", "fields": {"codename": "change_city", "name": "Can change city", "content_type": 9}}, {"pk": 27, "model": "auth.permission", "fields": {"codename": "delete_city", "name": "Can delete city", "content_type": 9}}, {"pk": 22, "model": "auth.permission", "fields": {"codename": "add_userprofile", "name": "Can add user profile", "content_type": 8}}, {"pk": 23, "model": "auth.permission", "fields": {"codename": "change_userprofile", "name": "Can change user profile", "content_type": 8}}, {"pk": 24, "model": "auth.permission", "fields": {"codename": "delete_userprofile", "name": "Can delete user profile", "content_type": 8}}, {"pk": 4, "model": "auth.permission", "fields": {"codename": "add_group", "name": "Can add group", "content_type": 2}}, {"pk": 5, "model": "auth.permission", "fields": {"codename": "change_group", "name": "Can change group", "content_type": 2}}, {"pk": 6, "model": "auth.permission", "fields": {"codename": "delete_group", "name": "Can delete group", "content_type": 2}}, {"pk": 10, "model": "auth.permission", "fields": {"codename": "add_message", "name": "Can add message", "content_type": 4}}, {"pk": 11, "model": "auth.permission", "fields": {"codename": "change_message", "name": "Can change message", "content_type": 4}}, {"pk": 12, "model": "auth.permission", "fields": {"codename": "delete_message", "name": "Can delete message", "content_type": 4}}, {"pk": 1, "model": "auth.permission", "fields": {"codename": "add_permission", "name": "Can add permission", "content_type": 1}}, {"pk": 2, "model": "auth.permission", "fields": {"codename": "change_permission", "name": "Can change permission", "content_type": 1}}, {"pk": 3, "model": "auth.permission", "fields": {"codename": "delete_permission", "name": "Can delete permission", "content_type": 1}}, {"pk": 7, "model": "auth.permission", "fields": {"codename": "add_user", "name": "Can add user", "content_type": 3}}, {"pk": 8, "model": "auth.permission", "fields": {"codename": "change_user", "name": "Can change user", "content_type": 3}}, {"pk": 9, "model": "auth.permission", "fields": {"codename": "delete_user", "name": "Can delete user", "content_type": 3}}, {"pk": 13, "model": "auth.permission", "fields": {"codename": "add_contenttype", "name": "Can add content type", "content_type": 5}}, {"pk": 14, "model": "auth.permission", "fields": {"codename": "change_contenttype", "name": "Can change content type", "content_type": 5}}, {"pk": 15, "model": "auth.permission", "fields": {"codename": "delete_contenttype", "name": "Can delete content type", "content_type": 5}}, {"pk": 43, "model": "auth.permission", "fields": {"codename": "add_vendor", "name": "Can add vendor", "content_type": 15}}, {"pk": 44, "model": "auth.permission", "fields": {"codename": "change_vendor", "name": "Can change vendor", "content_type": 15}}, {"pk": 45, "model": "auth.permission", "fields": {"codename": "delete_vendor", "name": "Can delete vendor", "content_type": 15}}, {"pk": 37, "model": "auth.permission", "fields": {"codename": "add_nonprofit", "name": "Can add nonprofit", "content_type": 13}}, {"pk": 38, "model": "auth.permission", "fields": {"codename": "change_nonprofit", "name": "Can change nonprofit", "content_type": 13}}, {"pk": 39, "model": "auth.permission", "fields": {"codename": "delete_nonprofit", "name": "Can delete nonprofit", "content_type": 13}}, {"pk": 28, "model": "auth.permission", "fields": {"codename": "add_neighborhood", "name": "Can add neighborhood", "content_type": 10}}, {"pk": 29, "model": "auth.permission", "fields": {"codename": "change_neighborhood", "name": "Can change neighborhood", "content_type": 10}}, {"pk": 30, "model": "auth.permission", "fields": {"codename": "delete_neighborhood", "name": "Can delete neighborhood", "content_type": 10}}, {"pk": 49, "model": "auth.permission", "fields": {"codename": "add_dealchoice", "name": "Can add deal choice", "content_type": 17}}, {"pk": 50, "model": "auth.permission", "fields": {"codename": "change_dealchoice", "name": "Can change deal choice", "content_type": 17}}, {"pk": 51, "model": "auth.permission", "fields": {"codename": "delete_dealchoice", "name": "Can delete deal choice", "content_type": 17}}, {"pk": 52, "model": "auth.permission", "fields": {"codename": "add_dealrun", "name": "Can add deal run", "content_type": 18}}, {"pk": 53, "model": "auth.permission", "fields": {"codename": "change_dealrun", "name": "Can change deal run", "content_type": 18}}, {"pk": 54, "model": "auth.permission", "fields": {"codename": "delete_dealrun", "name": "Can delete deal run", "content_type": 18}}, {"pk": 55, "model": "auth.permission", "fields": {"codename": "add_urlstring", "name": "Can add url string", "content_type": 19}}, {"pk": 56, "model": "auth.permission", "fields": {"codename": "change_urlstring", "name": "Can change url string", "content_type": 19}}, {"pk": 57, "model": "auth.permission", "fields": {"codename": "delete_urlstring", "name": "Can delete url string", "content_type": 19}}, {"pk": 31, "model": "auth.permission", "fields": {"codename": "add_picture", "name": "Can add picture", "content_type": 11}}, {"pk": 32, "model": "auth.permission", "fields": {"codename": "change_picture", "name": "Can change picture", "content_type": 11}}, {"pk": 33, "model": "auth.permission", "fields": {"codename": "delete_picture", "name": "Can delete picture", "content_type": 11}}, {"pk": 40, "model": "auth.permission", "fields": {"codename": "add_beneficiary", "name": "Can add beneficiary", "content_type": 14}}, {"pk": 41, "model": "auth.permission", "fields": {"codename": "change_beneficiary", "name": "Can change beneficiary", "content_type": 14}}, {"pk": 42, "model": "auth.permission", "fields": {"codename": "delete_beneficiary", "name": "Can delete beneficiary", "content_type": 14}}, {"pk": 34, "model": "auth.permission", "fields": {"codename": "add_cause", "name": "Can add cause", "content_type": 12}}, {"pk": 35, "model": "auth.permission", "fields": {"codename": "change_cause", "name": "Can change cause", "content_type": 12}}, {"pk": 36, "model": "auth.permission", "fields": {"codename": "delete_cause", "name": "Can delete cause", "content_type": 12}}, {"pk": 46, "model": "auth.permission", "fields": {"codename": "add_deal", "name": "Can add deal", "content_type": 16}}, {"pk": 47, "model": "auth.permission", "fields": {"codename": "change_deal", "name": "Can change deal", "content_type": 16}}, {"pk": 48, "model": "auth.permission", "fields": {"codename": "delete_deal", "name": "Can delete deal", "content_type": 16}}, {"pk": 61, "model": "auth.permission", "fields": {"codename": "add_purchase", "name": "Can add purchase", "content_type": 21}}, {"pk": 62, "model": "auth.permission", "fields": {"codename": "change_purchase", "name": "Can change purchase", "content_type": 21}}, {"pk": 63, "model": "auth.permission", "fields": {"codename": "delete_purchase", "name": "Can delete purchase", "content_type": 21}}, {"pk": 58, "model": "auth.permission", "fields": {"codename": "add_tinyurlstring", "name": "Can add tiny url string", "content_type": 20}}, {"pk": 59, "model": "auth.permission", "fields": {"codename": "change_tinyurlstring", "name": "Can change tiny url string", "content_type": 20}}, {"pk": 60, "model": "auth.permission", "fields": {"codename": "delete_tinyurlstring", "name": "Can delete tiny url string", "content_type": 20}}, {"pk": 67, "model": "auth.permission", "fields": {"codename": "add_paymenttous", "name": "Can add payment to us", "content_type": 23}}, {"pk": 68, "model": "auth.permission", "fields": {"codename": "change_paymenttous", "name": "Can change payment to us", "content_type": 23}}, {"pk": 69, "model": "auth.permission", "fields": {"codename": "delete_paymenttous", "name": "Can delete payment to us", "content_type": 23}}, {"pk": 70, "model": "auth.permission", "fields": {"codename": "add_paymenttovendor", "name": "Can add payment to vendor", "content_type": 24}}, {"pk": 71, "model": "auth.permission", "fields": {"codename": "change_paymenttovendor", "name": "Can change payment to vendor", "content_type": 24}}, {"pk": 72, "model": "auth.permission", "fields": {"codename": "delete_paymenttovendor", "name": "Can delete payment to vendor", "content_type": 24}}, {"pk": 73, "model": "auth.permission", "fields": {"codename": "add_site", "name": "Can add site", "content_type": 25}}, {"pk": 74, "model": "auth.permission", "fields": {"codename": "change_site", "name": "Can change site", "content_type": 25}}, {"pk": 75, "model": "auth.permission", "fields": {"codename": "delete_site", "name": "Can delete site", "content_type": 25}}, {"pk": 64, "model": "auth.permission", "fields": {"codename": "add_paymenttononprofit", "name": "Can add payment to non profit", "content_type": 22}}, {"pk": 65, "model": "auth.permission", "fields": {"codename": "change_paymenttononprofit", "name": "Can change payment to non profit", "content_type": 22}}, {"pk": 66, "model": "auth.permission", "fields": {"codename": "delete_paymenttononprofit", "name": "Can delete payment to non profit", "content_type": 22}}, {"pk": 16, "model": "auth.permission", "fields": {"codename": "add_session", "name": "Can add session", "content_type": 6}}, {"pk": 17, "model": "auth.permission", "fields": {"codename": "change_session", "name": "Can change session", "content_type": 6}}, {"pk": 18, "model": "auth.permission", "fields": {"codename": "delete_session", "name": "Can delete session", "content_type": 6}}, {"pk": 19, "model": "auth.permission", "fields": {"codename": "add_logentry", "name": "Can add log entry", "content_type": 7}}, {"pk": 20, "model": "auth.permission", "fields": {"codename": "change_logentry", "name": "Can change log entry", "content_type": 7}}, {"pk": 21, "model": "auth.permission", "fields": {"codename": "delete_logentry", "name": "Can delete log entry", "content_type": 7}}, {"pk": 1, "model": "auth.group", "fields": {"name": "Admins", "permissions": []}}, {"pk": 2, "model": "auth.group", "fields": {"name": "Editors", "permissions": []}}, {"pk": 3, "model": "auth.group", "fields": {"name": "Writers", "permissions": []}}, {"pk": 1, "model": "auth.user", "fields": {"username": "bryan", "first_name": "Bryan", "last_name": "Cattle", "is_active": true, "is_superuser": true, "is_staff": true, "last_login": "2011-04-16 17:42:51", "groups": [], "user_permissions": [], "password": "sha1$a186b$beef6670d2d118dc49ca7d0056066fa638d10e19", "email": "bryan@doloresdeals.org", "date_joined": "2011-04-16 16:17:25"}}, {"pk": 2, "model": "auth.user", "fields": {"username": "ethan", "first_name": "Ethan", "last_name": "Montoya", "is_active": true, "is_superuser": true, "is_staff": true, "last_login": "2011-04-16 18:17:00", "groups": [], "user_permissions": [], "password": "sha1$d02de$2e696ad69933734a89c4238a8285013b67e3331a", "email": "ethan@doloresdeals.org", "date_joined": "2011-04-16 18:17:00"}}, {"pk": 3, "model": "auth.user", "fields": {"username": "brent", "first_name": "Brent", "last_name": "Perez", "is_active": true, "is_superuser": true, "is_staff": true, "last_login": "2011-04-16 18:17:07", "groups": [], "user_permissions": [], "password": "sha1$5e7ec$c7c77432f37f453abc9a10005610f4214c724636", "email": "brent@doloresdeals.org", "date_joined": "2011-04-16 18:17:07"}}, {"pk": 4, "model": "auth.user", "fields": {"username": "user1", "first_name": "User", "last_name": "One", "is_active": true, "is_superuser": false, "is_staff": false, "last_login": "2011-04-16 18:17:26", "groups": [], "user_permissions": [], "password": "sha1$f72c4$6c6c16c6cae98e1c9b46abfd286e8d54566c7d2d", "email": "user1@gmail.com", "date_joined": "2011-04-16 18:17:26"}}, {"pk": 5, "model": "auth.user", "fields": {"username": "user2", "first_name": "User", "last_name": "Two", "is_active": true, "is_superuser": false, "is_staff": false, "last_login": "2011-04-16 18:17:36", "groups": [], "user_permissions": [], "password": "sha1$6b91c$b05678252bd5928223798655de29cc9eabaee7a2", "email": "user2@gmail.com", "date_joined": "2011-04-16 18:17:36"}}, {"pk": 6, "model": "auth.user", "fields": {"username": "user3", "first_name": "User", "last_name": "Three", "is_active": true, "is_superuser": false, "is_staff": false, "last_login": "2011-04-16 18:17:48", "groups": [], "user_permissions": [], "password": "sha1$437fb$e481be11c954a683015ba019ae7a481794c89cb3", "email": "user3@gmail.com", "date_joined": "2011-04-16 18:17:48"}}]