[
{"pk": "5a1a812ac01cde6270b9a77a7d7fed33", "model": "sessions.session", "fields": {"expire_date": "2011-04-30 17:42:51", "session_data": "YWZlNjY4YTc2ZmY1NzRjMjRjYmJhODQ2YWU3NWE1YWMwN2FmYWJlZTqAAn1xAShVEl9hdXRoX3Vz\nZXJfYmFja2VuZHECVSlkamFuZ28uY29udHJpYi5hdXRoLmJhY2tlbmRzLk1vZGVsQmFja2VuZHED\nVQ1fYXV0aF91c2VyX2lkcQRLAXUu\n"}}, 
{"pk": 1, "model": "sites.site", "fields": {"domain": "example.com", "name": "example.com"}}, 

{"pk": 3, "model": "deal_site.city", "fields": {"abbreviation": "AUS", "enabled": false, "name": "Austin", "slug": "austin"}}, 
{"pk": 7, "model": "deal_site.city", "fields": {"abbreviation": "BOS", "enabled": false, "name": "Boston", "slug": "boston"}}, 
{"pk": 6, "model": "deal_site.city", "fields": {"abbreviation": "CLT", "enabled": false, "name": "Charlotte", "slug": "charlotte"}}, 
{"pk": 9, "model": "deal_site.city", "fields": {"abbreviation": "LA", "enabled": false, "name": "Los Angeles", "slug": "los-angeles"}}, 
{"pk": 8, "model": "deal_site.city", "fields": {"abbreviation": "NO", "enabled": false, "name": "New Orleans", "slug": "new-orleans"}}, 
{"pk": 5, "model": "deal_site.city", "fields": {"abbreviation": "NY", "enabled": true, "name": "New York", "slug": "new-york"}}, 
{"pk": 10, "model": "deal_site.city", "fields": {"abbreviation": "PHI", "enabled": false, "name": "Philadelphia", "slug": "philadelphia"}}, 
{"pk": 4, "model": "deal_site.city", "fields": {"abbreviation": "PDX", "enabled": false, "name": "Portland", "slug": "portland"}}, 
{"pk": 1, "model": "deal_site.city", "fields": {"abbreviation": "SF", "enabled": true, "name": "San Francisco", "slug": "san-francisco"}}, 
{"pk": 2, "model": "deal_site.city", "fields": {"abbreviation": "SEA", "enabled": false, "name": "Seattle", "slug": "seattle"}}, 

{"pk": 1, "model": "deal_site.neighborhood", "fields": {"city": 1, "_order": 0, "enabled": true, "name": "The Mission", "slug": "mission"}}, 
{"pk": 5, "model": "deal_site.neighborhood", "fields": {"city": 2, "_order": 0, "enabled": false, "name": "Capital Hill", "slug": "capital-hill"}}, 
{"pk": 2, "model": "deal_site.neighborhood", "fields": {"city": 1, "_order": 1, "enabled": false, "name": "Castro", "slug": "castro"}}, 
{"pk": 6, "model": "deal_site.neighborhood", "fields": {"city": 2, "_order": 1, "enabled": false, "name": "Wallingford", "slug": "wallingford"}}, 
{"pk": 3, "model": "deal_site.neighborhood", "fields": {"city": 1, "_order": 2, "enabled": false, "name": "Lower Haight", "slug": "lower-haight"}}, 
{"pk": 4, "model": "deal_site.neighborhood", "fields": {"city": 1, "_order": 3, "enabled": false, "name": "Upper Haight", "slug": "upper-haight"}}, 

{"pk": 1, "model": "deal_site.picture", "fields": {"related": [2], "pic": "uploadpics/WI_Logo_1.png", "description": "", "createdBy": 1, "created": "2011-04-16 18:39:01"}}, 
{"pk": 2, "model": "deal_site.picture", "fields": {"related": [1], "pic": "uploadpics/WI_Logo151_720x486.jpg", "description": "", "createdBy": 1, "created": "2011-04-16 18:39:18"}}, 
{"pk": 3, "model": "deal_site.picture", "fields": {"related": [], "pic": "uploadpics/3210.jpg", "description": "", "createdBy": 1, "created": "2011-04-16 18:40:44"}}, 

{"pk": 2, "model": "deal_site.cause", "fields": {"htmlLong": "", "icons": [], "name": "Animal rights", "htmlShort": "", "pictures": [], "slug": "animal-rights"}}, 
{"pk": 5, "model": "deal_site.cause", "fields": {"htmlLong": "", "icons": [], "name": "Education", "htmlShort": "", "pictures": [], "slug": "education"}}, 
{"pk": 3, "model": "deal_site.cause", "fields": {"htmlLong": "", "icons": [], "name": "Gay rights", "htmlShort": "", "pictures": [], "slug": "gay-rights"}}, 
{"pk": 1, "model": "deal_site.cause", "fields": {"htmlLong": "", "icons": [], "name": "Homelessness", "htmlShort": "", "pictures": [], "slug": "homelessness"}}, 
{"pk": 4, "model": "deal_site.cause", "fields": {"htmlLong": "", "icons": [], "name": "Women's equality", "htmlShort": "", "pictures": [], "slug": "womens-equality"}}, 

{"pk": 1, "model": "deal_site.nonprofit", "fields": {"comment": "", "neighborhood": [1], "name": "Women's Initiative for Self Employment", "contacts": [], "pictures": [1, 2], "htmlShort": "", "htmlLong": "<p>The <strong>Women's Initiative for Self Employment</strong>, located at 1398 Valencia in the Mission is a Bay Area non-profit which provides high-potential, lower-income women the training, resources and on-going support to start and grow businesses. The business management training, technical assistance, and financial services we provide - in English and Spanish - improve the quality of life for the women we serve, their families and our communities.</p>\\r\\n\\r\\n<p><iframe title=\\\"YouTube video player\\\" width=\\\"228\\\" height=\\\"179\\\" src=\\\"http://www.youtube.com/embed/9gRdJEhpi5g\\\" frameborder=\\\"0\\\" allowfullscreen></iframe></p>", "causes": [4], "slug": "womens-initiative"}}, 

{"pk": 1, "model": "deal_site.beneficiary", "fields": {"nonprofit": null, "cause": 2}}, 
{"pk": 2, "model": "deal_site.beneficiary", "fields": {"nonprofit": null, "cause": 5}}, 
{"pk": 3, "model": "deal_site.beneficiary", "fields": {"nonprofit": null, "cause": 3}}, 
{"pk": 4, "model": "deal_site.beneficiary", "fields": {"nonprofit": null, "cause": 1}}, 
{"pk": 5, "model": "deal_site.beneficiary", "fields": {"nonprofit": null, "cause": 4}}, 
{"pk": 6, "model": "deal_site.beneficiary", "fields": {"nonprofit": 1, "cause": null}}, 

{"pk": 1, "model": "deal_site.vendor", "fields": {"comment": "", "_order": 0, "neighborhood": 1, "name": "Shelley Mitchell's TALKING WITH ANGELS", "contacts": [], "url": "http://www.talkingwithangels.com/html/story.html", "pictures": [3], "htmlLong": "<p>Shelley Mitchell's TALKING WITH ANGELS, one of San Francisco's most critically acclaimed theatrical events, is an epic true story about four young artists' search for guidance and survival during the Nazi occupation of Hungary in 1944.</p>\r\n\r\n<p>The diaries of these artists' give an account of their dialogue with invisible forces that appeared to them at the time as angels. In 1960 these diaries were smuggled into France by the only survivor of the group, Gitta Mallasz. It was first published in France in 1976 where it became an immediate best seller. It has sold over 800,000 copies in French and been translated into 14 languages.</p>\r\n\r\n<p>Shelley has performed TALKING WITH ANGELS throughout the United States and in Europe at the Dublin Theatre Festival and the Dutch Theater Festival. In 2000 TALKING WITH ANGELS tapped into San Francisco's heart and won Best of the Fringe Theater festival. </p>\r\n\r\n<p>Read more reviews at <a href=\"http://www.talkingwithangels.com/html/press.html\">http://www.talkingwithangels.com/html/press.html</a></p>\r\n<p><a href=\"http://www.shelleymitchell.org/\">http://www.shelleymitchell.org</a></p>", "htmlShort": ""}}, 

{"pk": 1, "model": "deal_site.deal", "fields": {"status": "DON", "startDate": "2011-04-03 00:00:00", "neighborhood": 1, "picture": 3, "headline": "$15 tickets ($35 value) to Shelley Mitchell's Talking with Angels. We donate 50% to Women's Initiative.", "created": "2011-04-17 11:25:33", "approvedBy": 2, "endDate": "2011-04-09 00:00:00", "beneficiaryCanChange": false, "vendor": 1, "defaultBeneficiary": 6, "_order": 0, "createdBy": 1, "htmlLong": "<h1>Deal Overview</h1>\r\n<p>Shelley Mitchell's TALKING WITH ANGELS, one of San Francisco's most critically acclaimed theatrical events, is an epic true story about four young artists' search for guidance and survival during the Nazi occupation of Hungary in 1944.</p>\r\n<p>The diaries of these artists' give an account of their dialogue with invisible forces that appeared to them at the time as angels. In 1960 these diaries were smuggled into France by the only survivor of the group, Gitta Mallasz. It was first published in France in 1976  where it became an immediately best seller. It has sold over 800,000 copies in French and been translated into 14 languages.</p>\r\n<p>Shelley has performed TALKING WITH ANGELS throughout the United States and in Europe at the Dublin Theatre Festival and the Dutch Theater Festival. In 2000 TALKING WITH ANGELS tapped into San Francisco's heart and won Best of the Fringe Theater festival. </p>\r\n<p>Read more reviews here: <a href=\"http://www.talkingwithangels.com/html/press.html\">http://www.talkingwithangels.com/html/press.html</a></p>\r\n<p><a href=\"http://www.shelleymitchell.org/\">http://www.shelleymitchell.org/</a></p>\r\n\r\n<h1>Fine Print</h1>\r\n<p>Expires 04/09/2012. You will be asked to specify a performance on the next page. Tickets are available for the following performances: <br>\r\n<ul>\r\n\t<li>Thursday, March 31st</li>\r\n\t<li>Friday, April 1st</li>\r\n\t<li>Saturday, April 2nd</li>\r\n\t<li>Thursday, April 7th</li>\r\n\t<li>Friday, April 8th</li>\r\n\t<li>Saturday, April 9th</li>\r\n</ul>\r\n<p>To redeem your purchase, you will need to print out your ticket and bring it to the performance.</p>\r\n\r\n\r\n<h1>The Venue</h1>\r\n<p>The Royce Gallery is a quaint, intimate theater in the heart of the Mission. It's located at 2901 Mariposa at Harrison Street. </p>\r\n\t\r\n<h1>Reviews</h1>\r\n<p>Cute small intimate venue. No frills. Personally, I feel that the lack of special effects forces the actors &amp; directors to work harder at the classic... - <a href=\" http://www.yelp.com/biz/royce-gallery-san-francisco\">Sue Y. (Yelp)</a></p>\r\n<p>I saw David Mamet's Oleanna here and was really impressed.  This little theater put on a much better production than A.C.T. did with Mamet's November, which... - <a href=\" http://www.yelp.com/biz/royce-gallery-san-francisco\">Sara W. (Yelp)</a></p>\r\n<p>A spiritual-political project [much like] Kushner envisioned for his masterpiece Angels in America, Shelley Mitchells performance is passionately mystical yet remarkably lucid. She brings these characters to life with consummate craft. - <a href=\"http://www.sfbg.com/39/07/art_theater_shop.html\">SF Bay Guardian</a></p>\r\n<p>Shelley's work is very definite, very sound, very detailed - <a href=\"http://www.shelleymitchell.org/html/quotes.html\">Lee Strasberg</a></p>", "slug": "shelley-mitchells-talking-with-angels"}}, 

{"pk": 1, "model": "deal_site.dealchoice", "fields": {"index": 1, "picture": null, "_order": 0, "endDate": null, "deal": 1, "startDate": null, "price": "15", "title": "Thursday, March 31st", "descriptionHtml": "", "regPrice": "35", "maxQty": null, "minQty": null, "percentToCharity": "50", "dollarsToCharity": null}}, 
{"pk": 2, "model": "deal_site.dealchoice", "fields": {"index": 2, "picture": null, "_order": 1, "endDate": null, "deal": 1, "startDate": null, "price": "15", "title": "Friday, April 1st", "descriptionHtml": "", "regPrice": "35", "maxQty": null, "minQty": null, "percentToCharity": "50", "dollarsToCharity": null}}, 
{"pk": 3, "model": "deal_site.dealchoice", "fields": {"index": 3, "picture": null, "_order": 2, "endDate": null, "deal": 1, "startDate": null, "price": "15", "title": "Saturday, April 2nd", "descriptionHtml": "", "regPrice": "35", "maxQty": null, "minQty": null, "percentToCharity": "50", "dollarsToCharity": null}}, 
{"pk": 4, "model": "deal_site.dealchoice", "fields": {"index": 4, "picture": null, "_order": 3, "endDate": null, "deal": 1, "startDate": null, "price": "15", "title": "Thursday, April 7th", "descriptionHtml": "", "regPrice": "35", "maxQty": null, "minQty": null, "percentToCharity": "50", "dollarsToCharity": null}}, 
{"pk": 5, "model": "deal_site.dealchoice", "fields": {"index": 5, "picture": null, "_order": 4, "endDate": null, "deal": 1, "startDate": null, "price": "15", "title": "Friday, April 8th", "descriptionHtml": "", "regPrice": "35", "maxQty": null, "minQty": null, "percentToCharity": "50", "dollarsToCharity": null}}, 
{"pk": 6, "model": "deal_site.dealchoice", "fields": {"index": 6, "picture": null, "_order": 5, "endDate": null, "deal": 1, "startDate": null, "price": "15", "title": "Saturday, April 9th", "descriptionHtml": "", "regPrice": "35", "maxQty": null, "minQty": null, "percentToCharity": "50", "dollarsToCharity": null}}, 

{"pk": 1, "model": "deal_site.dealrun", "fields": {"start": "2011-04-03 00:00:00", "end": "2011-04-09 00:00:00", "deal": 1}} 
]